<?xml version='1.0' encoding='UTF-8'?>
<types:mule xmlns:types="http://www.mulesoft.org/schema/mule/types">
  <types:catalog>
    <types:type name="auto_49653dc1-993f-439a-ad25-3b4997a46720_Input-Payload" format="java">
      <types:shape format="weave" example="weave/autogenerated/49653dc1-993f-439a-ad25-3b4997a46720/Input-Payload.wev" autogeneratedOrigin="aaad7c37-f740-4442-9b23-4d699b99e246"><![CDATA[%dw 2.0

type auto_49653dc1_993f_439a_ad25_3b4997a46720_Input_Payload = Array<{| CustomerID: Number |}>

]]></types:shape>
    </types:type>
    <types:type name="auto_49653dc1-993f-439a-ad25-3b4997a46720_Input-Attributes" format="java">
      <types:shape format="weave" example="weave/autogenerated/49653dc1-993f-439a-ad25-3b4997a46720/Input-Attributes.wev" autogeneratedOrigin="aaad7c37-f740-4442-9b23-4d699b99e246"><![CDATA[%dw 2.0

type auto_49653dc1_993f_439a_ad25_3b4997a46720_Input_Attributes = Null

]]></types:shape>
    </types:type>
    <types:type name="auto_49653dc1-993f-439a-ad25-3b4997a46720_Input-Variables-Orginalpayload" format="java">
      <types:shape format="weave" example="weave/autogenerated/49653dc1-993f-439a-ad25-3b4997a46720/Input-Variables-Orginalpayload.wev" autogeneratedOrigin="aaad7c37-f740-4442-9b23-4d699b99e246"><![CDATA[%dw 2.0

type auto_49653dc1_993f_439a_ad25_3b4997a46720_Input_Variables_Orginalpayload = Any

]]></types:shape>
    </types:type>
    <types:type name="auto_49653dc1-993f-439a-ad25-3b4997a46720_Input-Variables-CustomerID" format="java">
      <types:shape format="raml" autogeneratedOrigin="aaad7c37-f740-4442-9b23-4d699b99e246"><![CDATA[#%RAML 1.0 DataType
type: number]]></types:shape>
    </types:type>
    <types:type name="auto_49653dc1-993f-439a-ad25-3b4997a46720_Output-Payload" format="java">
      <types:shape format="weave" example="weave/autogenerated/49653dc1-993f-439a-ad25-3b4997a46720/Output-Payload.wev" autogeneratedOrigin="aaad7c37-f740-4442-9b23-4d699b99e246"><![CDATA[%dw 2.0

type auto_49653dc1_993f_439a_ad25_3b4997a46720_Output_Payload = Array<Number>

]]></types:shape>
    </types:type>
    <types:type name="auto_49653dc1-993f-439a-ad25-3b4997a46720_Output-Attributes" format="java">
      <types:shape format="weave" example="weave/autogenerated/49653dc1-993f-439a-ad25-3b4997a46720/Output-Attributes.wev" autogeneratedOrigin="aaad7c37-f740-4442-9b23-4d699b99e246"><![CDATA[%dw 2.0

type auto_49653dc1_993f_439a_ad25_3b4997a46720_Output_Attributes = Null

]]></types:shape>
    </types:type>
    <types:type name="auto_49653dc1-993f-439a-ad25-3b4997a46720_Output-Variables-Orginalpayload" format="java">
      <types:shape format="weave" example="weave/autogenerated/49653dc1-993f-439a-ad25-3b4997a46720/Output-Variables-Orginalpayload.wev" autogeneratedOrigin="aaad7c37-f740-4442-9b23-4d699b99e246"><![CDATA[%dw 2.0

type auto_49653dc1_993f_439a_ad25_3b4997a46720_Output_Variables_Orginalpayload = Any

]]></types:shape>
    </types:type>
    <types:type name="auto_49653dc1-993f-439a-ad25-3b4997a46720_Output-Variables-CustomerID" format="java">
      <types:shape format="raml" autogeneratedOrigin="aaad7c37-f740-4442-9b23-4d699b99e246"><![CDATA[#%RAML 1.0 DataType
type: number]]></types:shape>
    </types:type>
    <types:type name="auto_c5a7dc9a-cc0c-4bae-88a6-a92e057f09da_Input-Payload" format="java">
      <types:shape format="weave" example="weave/autogenerated/c5a7dc9a-cc0c-4bae-88a6-a92e057f09da/Input-Payload.wev" autogeneratedOrigin="baada41c-d61b-42c4-ace8-c224c49e470c"><![CDATA[%dw 2.0

type auto_c5a7dc9a_cc0c_4bae_88a6_a92e057f09da_Input_Payload = Any

]]></types:shape>
    </types:type>
    <types:type name="auto_c5a7dc9a-cc0c-4bae-88a6-a92e057f09da_Input-Attributes" format="java">
      <types:shape format="weave" example="weave/autogenerated/c5a7dc9a-cc0c-4bae-88a6-a92e057f09da/Input-Attributes.wev" autogeneratedOrigin="baada41c-d61b-42c4-ace8-c224c49e470c"><![CDATA[%dw 2.0

type auto_c5a7dc9a_cc0c_4bae_88a6_a92e057f09da_Input_Attributes = {|
  listenerPath: String, 
  rawRequestPath: String, 
  relativePath: String, 
  maskedRequestPath: String, 
  version: String, 
  scheme: String, 
  method: String, 
  requestUri: String, 
  rawRequestUri: String, 
  queryString: String, 
  localAddress: String, 
  remoteAddress: String, 
  clientCertificate?: java_security_cert_Certificate, 
  queryParams: { _?: String }, 
  uriParams: { _?: String }, 
  requestPath: String, 
  headers: { _?: String }
|} {"typeAlias": "HttpRequestAttributes",
"typeId": "org.mule.extension.http.api.HttpRequestAttributes"}
type java_security_cert_Certificate = {|
  encoded?: Binary, 
  publicKey?: java_security_PublicKey, 
  "type"?: String
|} {"typeAlias": "Certificate",
"typeId": "java.security.cert.Certificate"}
type java_security_PublicKey = {|  |} {"typeAlias": "PublicKey",
"typeId": "java.security.PublicKey"}





]]></types:shape>
    </types:type>
    <types:type name="auto_c5a7dc9a-cc0c-4bae-88a6-a92e057f09da_Input-Variables-Orginalpayload" format="java">
      <types:shape format="weave" example="weave/autogenerated/c5a7dc9a-cc0c-4bae-88a6-a92e057f09da/Input-Variables-Orginalpayload.wev" autogeneratedOrigin="baada41c-d61b-42c4-ace8-c224c49e470c"><![CDATA[%dw 2.0

type auto_c5a7dc9a_cc0c_4bae_88a6_a92e057f09da_Input_Variables_Orginalpayload = Any

]]></types:shape>
    </types:type>
    <types:type name="auto_c5a7dc9a-cc0c-4bae-88a6-a92e057f09da_Output-Payload" format="java">
      <types:shape format="weave" example="weave/autogenerated/c5a7dc9a-cc0c-4bae-88a6-a92e057f09da/Output-Payload.wev" autogeneratedOrigin="baada41c-d61b-42c4-ace8-c224c49e470c"><![CDATA[%dw 2.0

type auto_c5a7dc9a_cc0c_4bae_88a6_a92e057f09da_Output_Payload = Array<{| CustomerID: Number |}>

]]></types:shape>
    </types:type>
    <types:type name="auto_c5a7dc9a-cc0c-4bae-88a6-a92e057f09da_Output-Attributes" format="java">
      <types:shape format="weave" example="weave/autogenerated/c5a7dc9a-cc0c-4bae-88a6-a92e057f09da/Output-Attributes.wev" autogeneratedOrigin="baada41c-d61b-42c4-ace8-c224c49e470c"><![CDATA[%dw 2.0

type auto_c5a7dc9a_cc0c_4bae_88a6_a92e057f09da_Output_Attributes = Null

]]></types:shape>
    </types:type>
    <types:type name="auto_c5a7dc9a-cc0c-4bae-88a6-a92e057f09da_Output-Variables-Orginalpayload" format="java">
      <types:shape format="weave" example="weave/autogenerated/c5a7dc9a-cc0c-4bae-88a6-a92e057f09da/Output-Variables-Orginalpayload.wev" autogeneratedOrigin="baada41c-d61b-42c4-ace8-c224c49e470c"><![CDATA[%dw 2.0

type auto_c5a7dc9a_cc0c_4bae_88a6_a92e057f09da_Output_Variables_Orginalpayload = Any

]]></types:shape>
    </types:type>
    <types:type name="auto_c5a7dc9a-cc0c-4bae-88a6-a92e057f09da_Output-Variables-CustomerID" format="java">
      <types:shape format="raml" autogeneratedOrigin="baada41c-d61b-42c4-ace8-c224c49e470c"><![CDATA[#%RAML 1.0 DataType
type: number]]></types:shape>
    </types:type>
  </types:catalog>
  <types:enrichment select="#49653dc1-993f-439a-ad25-3b4997a46720">
    <types:processor-declaration>
      <types:input-event>
        <types:message>
          <types:payload type="auto_49653dc1-993f-439a-ad25-3b4997a46720_Input-Payload"/>
          <types:attributes type="auto_49653dc1-993f-439a-ad25-3b4997a46720_Input-Attributes"/>
        </types:message>
        <types:variables>
          <types:variable name="Orginalpayload" type="auto_49653dc1-993f-439a-ad25-3b4997a46720_Input-Variables-Orginalpayload"/>
          <types:variable name="CustomerID" type="auto_49653dc1-993f-439a-ad25-3b4997a46720_Input-Variables-CustomerID"/>
        </types:variables>
      </types:input-event>
      <types:output-event>
        <types:message>
          <types:payload type="auto_49653dc1-993f-439a-ad25-3b4997a46720_Output-Payload"/>
          <types:attributes type="auto_49653dc1-993f-439a-ad25-3b4997a46720_Output-Attributes"/>
        </types:message>
        <types:variables>
          <types:variable name="Orginalpayload" type="auto_49653dc1-993f-439a-ad25-3b4997a46720_Output-Variables-Orginalpayload"/>
          <types:variable name="CustomerID" type="auto_49653dc1-993f-439a-ad25-3b4997a46720_Output-Variables-CustomerID"/>
        </types:variables>
      </types:output-event>
    </types:processor-declaration>
  </types:enrichment>
  <types:enrichment select="#c5a7dc9a-cc0c-4bae-88a6-a92e057f09da">
    <types:processor-declaration>
      <types:input-event>
        <types:message>
          <types:payload type="auto_c5a7dc9a-cc0c-4bae-88a6-a92e057f09da_Input-Payload"/>
          <types:attributes type="auto_c5a7dc9a-cc0c-4bae-88a6-a92e057f09da_Input-Attributes"/>
        </types:message>
        <types:variables>
          <types:variable name="Orginalpayload" type="auto_c5a7dc9a-cc0c-4bae-88a6-a92e057f09da_Input-Variables-Orginalpayload"/>
        </types:variables>
      </types:input-event>
      <types:output-event>
        <types:message>
          <types:payload type="auto_c5a7dc9a-cc0c-4bae-88a6-a92e057f09da_Output-Payload"/>
          <types:attributes type="auto_c5a7dc9a-cc0c-4bae-88a6-a92e057f09da_Output-Attributes"/>
        </types:message>
        <types:variables>
          <types:variable name="Orginalpayload" type="auto_c5a7dc9a-cc0c-4bae-88a6-a92e057f09da_Output-Variables-Orginalpayload"/>
          <types:variable name="CustomerID" type="auto_c5a7dc9a-cc0c-4bae-88a6-a92e057f09da_Output-Variables-CustomerID"/>
        </types:variables>
      </types:output-event>
    </types:processor-declaration>
  </types:enrichment>
  <types:enrichment select="#0e619eeb-7f3f-4ba2-a669-df092f95b411"/>
</types:mule>