<?xml version="1.0" encoding="UTF-8"?>

<mule xmlns:ee="http://www.mulesoft.org/schema/mule/ee/core" xmlns:db="http://www.mulesoft.org/schema/mule/db"
	xmlns:http="http://www.mulesoft.org/schema/mule/http"
	xmlns="http://www.mulesoft.org/schema/mule/core" xmlns:doc="http://www.mulesoft.org/schema/mule/documentation" xmlns:xsi="http://www.w3.org/2001/XMLSchema-instance" xsi:schemaLocation="http://www.mulesoft.org/schema/mule/core http://www.mulesoft.org/schema/mule/core/current/mule.xsd
http://www.mulesoft.org/schema/mule/http http://www.mulesoft.org/schema/mule/http/current/mule-http.xsd
http://www.mulesoft.org/schema/mule/db http://www.mulesoft.org/schema/mule/db/current/mule-db.xsd
http://www.mulesoft.org/schema/mule/ee/core http://www.mulesoft.org/schema/mule/ee/core/current/mule-ee.xsd">
	<http:listener-config name="HTTP_Listener_config" doc:name="HTTP Listener config" doc:id="673acd5b-6034-4029-8750-4bd2fa7294b7" >
		<http:listener-connection host="0.0.0.0" port="8081" />
	</http:listener-config>
	<db:config name="Database_Config" doc:name="Database Config" doc:id="38306a1d-312c-45b4-b285-629039315040" >
		<db:my-sql-connection host="localhost" port="3306" user="root" password="Shriya@123" database="poc2" />
	</db:config>
	<flow name="sample1Flow" doc:id="02c3cbfc-0656-4fa5-995f-bb6a5e12956e" >
		<http:listener doc:name="Listener" doc:id="c61228d5-ca6a-4fd4-9168-ec530325e2e1" config-ref="HTTP_Listener_config" path="/samp"/>
		<set-variable value="#[payload]" doc:name="Set Variable" doc:id="19138422-4380-45de-a479-e795b741a90d" variableName="Orginalpayload"/>
		<db:select doc:id="3e1e4e52-27d4-4572-af8a-05c3afe62abe" config-ref="Database_Config">
			<db:sql ><![CDATA[select CustomerID from CUSTOMERINFO where Phone=:sMobileNumber;]]></db:sql>
			<db:input-parameters ><![CDATA[#[{
	sMobileNumber:vars.Orginalpayload.MobileNumber
}]]]></db:input-parameters>
		</db:select>
		<set-variable value="#[payload[0].CustomerID]" doc:name="Set Variable" doc:id="8b61c371-fb46-4c8c-a7ea-72b55edfa170" variableName="CustomerID"/>
		<flow-ref doc:name="Flow Reference" doc:id="baada41c-d61b-42c4-ace8-c224c49e470c" name="sample1Sub_Flow1"/>
		<choice doc:name="Choice" doc:id="9971fece-2893-45f3-9efc-5a9a5cdae482" >
			<when expression="#[isEmpty(payload) == false]">
				<flow-ref doc:name="Flow Reference" doc:id="aaad7c37-f740-4442-9b23-4d699b99e246" name="sample1Sub_Flow"/>
			</when>
			<otherwise >
				<db:insert doc:name="Insert" doc:id="a5724f1a-3fe9-4f5e-a0b6-80d19d18cb7a" config-ref="Database_Config">
					<db:sql ><![CDATA[insert into CUSTOMERINFO(CustomerName,Phone,Address)values(:sCustomerName,:sPhone,:sAddress);]]></db:sql>
					<db:input-parameters ><![CDATA[#[{
	"sCustomerName":vars.Orginalpayload.CustomerName,
	"sPhone":vars.Orginalpayload.MobileNumber,
	"sAddress":vars.Orginalpayload.Address
}]]]></db:input-parameters>
				</db:insert>
				<flow-ref doc:name="Flow Reference" doc:id="b23bfb0d-62cf-4b95-98ed-f25445b258f7" name="sample1Sub_Flow1"/>
				<flow-ref doc:name="Flow Reference" doc:id="4defbd28-eb8e-4b31-b99e-8f7d19755b53" name="sample1Sub_Flow"/>
			</otherwise>
		</choice>
	</flow>
	<sub-flow name="sample1Sub_Flow1" doc:id="c5a7dc9a-cc0c-4bae-88a6-a92e057f09da" >
		<db:select doc:name="Select" doc:id="c50f7af5-b0a4-45a4-bdb9-497dd326bdce" config-ref="Database_Config">
			<db:sql ><![CDATA[select CustomerID from CUSTOMERINFO where Phone=:sMobileNumber;]]></db:sql>
			<db:input-parameters ><![CDATA[#[{
	sMobileNumber:vars.Orginalpayload.MobileNumber

}]]]></db:input-parameters>
		</db:select>
		<set-variable value="#[payload[0].CustomerID]" doc:name="Set Variable" doc:id="e15788bd-6914-4fc5-82bf-fc60c9ba3535" variableName="CustomerID"/>
	</sub-flow>
	<sub-flow name="sample1Sub_Flow" doc:id="49653dc1-993f-439a-ad25-3b4997a46720" >
		<ee:transform doc:name="Transform Message" doc:id="bbea5411-da96-4a21-a75b-a5b81a4badd6" >
			<ee:message >
				<ee:set-payload ><![CDATA[%dw 2.0
output application/json
---
vars.Orginalpayload.productdetails map ((item, index) ->{
    ProductID : item.ProductID,
    ProductName : item.ProductName,
    Quantity : item.Quantity,
    "CustomerID" : vars.CustomerID,
    "OrderStatus": "placed",
    "OrderTrackID": " "
} )]]></ee:set-payload>
			</ee:message>
		</ee:transform>
		<db:bulk-insert doc:name="Bulk insert" doc:id="4b87a8b8-13bf-4c2f-9172-af68997da192" config-ref="Database_Config">
			<db:sql ><![CDATA[insert into ORDERINFO(ProductID,CustomerID,ProductName,Quantity,OrderStatus,OrderTrackID)values(:ProductID,:CustomerID,:ProductName,:Quantity,:OrderStatus,:OrderTrackID);]]></db:sql>
		</db:bulk-insert>
		<db:select doc:name="Select" doc:id="835ead42-54d2-4c99-8682-bf297b903292" config-ref="Database_Config">
			<db:sql ><![CDATA[select * from ORDERINFO;]]></db:sql>
		</db:select>
		<ee:transform doc:name="Transform Message" doc:id="0e619eeb-7f3f-4ba2-a669-df092f95b411" >
			<ee:message >
			</ee:message>
			<ee:variables >
				<ee:set-variable variableName="data" ><![CDATA[%dw 2.0
output application/json
---
payload]]></ee:set-variable>
			</ee:variables>
		</ee:transform>
				<flow-ref doc:name="Flow Reference" doc:id="40ab4fd7-0a52-4611-a533-efa7e00e3dee" name="sample1Flow1"/>
	</sub-flow>
	<flow name="sample1Flow12" doc:id="55ed0507-d791-412e-8fb5-b4d06cbd8cee" >
		<http:listener doc:name="Listener" doc:id="36417f52-a52b-4410-9e07-3575bc36e9b0" config-ref="HTTP_Listener_config" path="/samp1"/>
		<db:select doc:name="Select" doc:id="4baf0ad6-6e7c-4892-bca0-97cd44565385" config-ref="Database_Config">
			<db:sql ><![CDATA[select OrderStatus,OrderID,CustomerID from ORDERINFO;]]></db:sql>
		</db:select>
		<ee:transform doc:name="Transform Message" doc:id="db9a6f69-0c22-4feb-88da-8377c7168f4f" >
			<ee:message >
				<ee:set-payload ><![CDATA[%dw 2.0
output application/json
---
payload]]></ee:set-payload>
			</ee:message>
		</ee:transform>
		<ee:transform doc:name="Transform Message" doc:id="3fcfd47b-584a-4cba-bb54-08ab2dd48f1c">
			<ee:message>
				<ee:set-payload><![CDATA[%dw 2.0
output application/json
---
payload map(if($.OrderStatus == "placed" or $.OrderStatus == "processed") "true" else "false") ]]></ee:set-payload>
			</ee:message>
		</ee:transform>
		<foreach doc:name="For Each" doc:id="5fc9f9e1-40a4-4940-b65d-e0347f17a8b4" >
			<choice doc:name="Choice" doc:id="3bc487ad-e8e4-4f60-a014-b344149e3d6d">
			<when expression='#[payload == "true"]'>
				<db:update doc:name="Update" doc:id="d4ddab4b-2fc3-4853-9341-4ff0160cbd33" config-ref="Database_Config">
					<db:sql><![CDATA[update ORDERINFO
set OrderStatus = "cancelled"
where CustomerID = "1" and OrderID = "1";]]></db:sql>
				</db:update>
				<ee:transform doc:name="Transform Message" doc:id="12e4e387-ff42-4e9f-8504-0380320c718b">
					<ee:message>
						<ee:set-payload><![CDATA[%dw 2.0
output application/json
---
"message":"successfully cancelled"]]></ee:set-payload>
					</ee:message>
				</ee:transform>
			</when>
			<otherwise>
				<ee:transform doc:name="Transform Message" doc:id="f56eac81-0db7-47ea-81d3-268eb59faf2c">
					<ee:message>
						<ee:set-payload><![CDATA[%dw 2.0
output application/json
---
"message":"you can't cancel"]]></ee:set-payload>
					</ee:message>
				</ee:transform>
			</otherwise>
		</choice>
		</foreach>
	</flow>
	<flow name="sample1Flow1" doc:id="2b063483-55ef-4319-bd61-aa3966928cb5" >
		<scheduler doc:name="Scheduler" doc:id="0c0666b6-4f10-4935-b965-8bb40b32947e" >
			<scheduling-strategy >
				<fixed-frequency frequency="1" timeUnit="MINUTES"/>
			</scheduling-strategy>
		</scheduler>
		<db:select doc:name="Select" doc:id="a25ae63e-90e4-4b9f-84a2-3cc92dc69f11" config-ref="Database_Config">
			<db:sql ><![CDATA[select * from ORDERINFO;]]></db:sql>
		</db:select>
<ee:transform doc:name="Transform Message" doc:id="458f50ea-6cd3-49ab-af2d-6b611929a370" >
			<ee:message >
				<ee:set-payload ><![CDATA[%dw 2.0
output application/json
---
payload]]></ee:set-payload>
			</ee:message>
			<ee:variables >
				<ee:set-variable variableName="data" ><![CDATA[%dw 2.0
output application/json
---
payload]]></ee:set-variable>
			</ee:variables>
		
</ee:transform>
		<ee:transform doc:name="Transform Message" doc:id="14c81939-b16a-47f1-acdf-cfae8983e836" >
			<ee:message >
				<ee:set-payload ><![CDATA[%dw 2.0
output application/json
---
payload map (if($.OrderStatus ~= "placed") 
({"OrderStatus": "processing", "OrderID": $.OrderID}) 
else if ($.OrderStatus ~= "processing") ({"OrderStatus": "Shipped","OrderID": $.OrderID}) 
else ({"OrderStatus": "Delivered","OrderID": $.OrderID}))]]></ee:set-payload>
			</ee:message>
		</ee:transform>
		<parallel-foreach doc:name="Parallel For Each" doc:id="5b4af021-1b24-49bc-87c8-4c9bb0414bf5" collection="#[payload]">
			<db:update doc:name="Update" doc:id="b0342ec9-699e-4f54-9b44-64803ae12551" config-ref="Database_Config">
				<db:sql ><![CDATA[update ORDERINFO
set OrderStatus = :OrderStatus
where OrderID = :OrderID;]]></db:sql>
				<db:input-parameters ><![CDATA[#[{
	"OrderStatus":payload.OrderStatus,
	"OrderID" : payload.OrderID
}]]]></db:input-parameters>
			</db:update>
			<ee:transform doc:name="Transform Message" doc:id="1b035457-e372-4f43-b934-77ffea16afeb">
			<ee:message>
				<ee:set-payload><![CDATA[%dw 2.0
output application/json
---
if(payload.OrderStatus == "Shipped")({"OrderTrackID": "ABC" ++ uuid()})
 else ({"OrderTrackID":" "})]]></ee:set-payload>
			</ee:message>
		</ee:transform>
		

</parallel-foreach>
		<db:update doc:name="Update" doc:id="66c86239-e88d-4023-8a2f-0a93a8f11a91" config-ref="Database_Config">
				<db:sql><![CDATA[update ORDERINFO
set OrderTrackID = :OrderTrackID 
where OrderStatus = :OrderStatus;]]></db:sql>
				<db:input-parameters><![CDATA[#[{
	OrderStatus: "Shipped",
	OrderTrackID: "ABC" ++ uuid()
}]]]></db:input-parameters>
			</db:update>
		<db:select doc:name="Select" doc:id="a570c632-8620-420e-95e5-92449d5ce2d6" config-ref="Database_Config" target="output1" targetValue="#[%dw 2.0&#10;output application/json&#10;---&#10;payload]">
			<db:sql ><![CDATA[select * from ORDERINFO;]]></db:sql>
		</db:select>
		<ee:transform doc:name="Transform Message" doc:id="caadb4ba-3a85-4c57-94c4-e079ad4101a1" >
			<ee:message >
				<ee:set-payload ><![CDATA[%dw 2.0
output application/json
---
vars.output1
]]></ee:set-payload>
			</ee:message>
		</ee:transform>
	
</flow>
</mule>
